[
  {"code": "LGW", "name": "Gatwick Airport", "city": "London", "country": "United Kingdom"},
  {"code": "LHR", "name": "Heathrow Airport", "city": "London", "country": "United Kingdom"},
  {"code": "STN", "name": "Stansted Airport", "city": "London", "country": "United Kingdom"},
  {"code": "LTN", "name": "Luton Airport", "city": "London", "country": "United Kingdom"},
  {"code": "LCY", "name": "London City Airport", "city": "London", "country": "United Kingdom"},
  {"code": "SEN", "name": "Southend Airport", "city": "London", "country": "United Kingdom"},
  {"code": "MAN", "name": "Manchester Airport", "city": "Manchester", "country": "United Kingdom"},
  {"code": "BHX", "name": "Birmingham Airport", "city": "Birmingham", "country": "United Kingdom"},
  {"code": "BRS", "name": "Bristol Airport", "city": "Bristol", "country": "United Kingdom"},
  {"code": "EDI", "name": "Edinburgh Airport", "city": "Edinburgh", "country": "United Kingdom"},
  {"code": "GLA", "name": "Glasgow Airport", "city": "Glasgow", "country": "United Kingdom"},
  {"code": "BFS", "name": "Belfast International Airport", "city": "Belfast", "country": "United Kingdom"},
  {"code": "NCL", "name": "Newcastle Airport", "city": "Newcastle", "country": "United Kingdom"},
  {"code": "LPL", "name": "Liverpool John Lennon Airport", "city": "Liverpool", "country": "United Kingdom"},
  {"code": "LBA", "name": "Leeds Bradford Airport", "city": "Leeds", "country": "United Kingdom"},
  {"code": "EMA", "name": "East Midlands Airport", "city": "Nottingham", "country": "United Kingdom"},
  {"code": "ABZ", "name": "Aberdeen Airport", "city": "Aberdeen", "country": "United Kingdom"},
  {"code": "INV", "name": "Inverness Airport", "city": "Inverness", "country": "United Kingdom"},
  {"code": "CWL", "name": "Cardiff Airport", "city": "Cardiff", "country": "United Kingdom"},
  {"code": "SOU", "name": "Southampton Airport", "city": "Southampton", "country": "United Kingdom"},
  {"code": "BOH", "name": "Bournemouth Airport", "city": "Bournemouth", "country": "United Kingdom"},
  {"code": "EXT", "name": "Exeter Airport", "city": "Exeter", "country": "United Kingdom"},
  {"code": "NQY", "name": "Newquay Airport", "city": "Newquay", "country": "United Kingdom"},
  {"code": "LCA", "name": "Larnaca International Airport", "city": "Larnaca", "country": "Cyprus"},
  {"code": "PFO", "name": "Paphos International Airport", "city": "Paphos", "country": "Cyprus"},
  {"code": "ATH", "name": "Athens International Airport", "city": "Athens", "country": "Greece"},
  {"code": "HER", "name": "Heraklion International Airport", "city": "Heraklion", "country": "Greece"},
  {"code": "RHO", "name": "Rhodes International Airport", "city": "Rhodes", "country": "Greece"},
  {"code": "CFU", "name": "Corfu International Airport", "city": "Corfu", "country": "Greece"},
  {"code": "KGS", "name": "Kos International Airport", "city": "Kos", "country": "Greece"},
  {"code": "SKG", "name": "Thessaloniki Airport", "city": "Thessaloniki", "country": "Greece"},
  {"code": "CHQ", "name": "Chania International Airport", "city": "Chania", "country": "Greece"},
  {"code": "ZTH", "name": "Zakynthos International Airport", "city": "Zakynthos", "country": "Greece"},
  {"code": "JTR", "name": "Santorini Airport", "city": "Santorini", "country": "Greece"},
  {"code": "JMK", "name": "Mykonos Airport", "city": "Mykonos", "country": "Greece"},
  {"code": "SKU", "name": "Skiathos Airport", "city": "Skiathos", "country": "Greece"},
  {"code": "PVK", "name": "Preveza Airport", "city": "Preveza", "country": "Greece"},
  {"code": "KVA", "name": "Kavala Airport", "city": "Kavala", "country": "Greece"},
  {"code": "ALC", "name": "Alicante Airport", "city": "Alicante", "country": "Spain"},
  {"code": "AGP", "name": "Malaga Airport", "city": "Malaga", "country": "Spain"},
  {"code": "BCN", "name": "Barcelona El Prat Airport", "city": "Barcelona", "country": "Spain"},
  {"code": "PMI", "name": "Palma de Mallorca Airport", "city": "Palma de Mallorca", "country": "Spain"},
  {"code": "IBZ", "name": "Ibiza Airport", "city": "Ibiza", "country": "Spain"},
  {"code": "MAD", "name": "Madrid Barajas Airport", "city": "Madrid", "country": "Spain"},
  {"code": "SVQ", "name": "Seville Airport", "city": "Seville", "country": "Spain"},
  {"code": "VLC", "name": "Valencia Airport", "city": "Valencia", "country": "Spain"},
  {"code": "TFS", "name": "Tenerife South Airport", "city": "Tenerife", "country": "Spain"},
  {"code": "TFN", "name": "Tenerife North Airport", "city": "Tenerife", "country": "Spain"},
  {"code": "LPA", "name": "Gran Canaria Airport", "city": "Gran Canaria", "country": "Spain"},
  {"code": "ACE", "name": "Lanzarote Airport", "city": "Lanzarote", "country": "Spain"},
  {"code": "FUE", "name": "Fuerteventura Airport", "city": "Fuerteventura", "country": "Spain"},
  {"code": "MAH", "name": "Menorca Airport", "city": "Menorca", "country": "Spain"},
  {"code": "GRO", "name": "Girona Airport", "city": "Girona", "country": "Spain"},
  {"code": "REU", "name": "Reus Airport", "city": "Reus", "country": "Spain"},
  {"code": "BIO", "name": "Bilbao Airport", "city": "Bilbao", "country": "Spain"},
  {"code": "SCQ", "name": "Santiago de Compostela Airport", "city": "Santiago", "country": "Spain"},
  {"code": "AYT", "name": "Antalya Airport", "city": "Antalya", "country": "Turkey"},
  {"code": "DLM", "name": "Dalaman Airport", "city": "Dalaman", "country": "Turkey"},
  {"code": "BJV", "name": "Bodrum Airport", "city": "Bodrum", "country": "Turkey"},
  {"code": "IST", "name": "Istanbul Airport", "city": "Istanbul", "country": "Turkey"},
  {"code": "SAW", "name": "Sabiha Gokcen Airport", "city": "Istanbul", "country": "Turkey"},
  {"code": "ADB", "name": "Adnan Menderes Airport", "city": "Izmir", "country": "Turkey"},
  {"code": "ESB", "name": "Esenboga Airport", "city": "Ankara", "country": "Turkey"},
  {"code": "GZT", "name": "Gaziantep Airport", "city": "Gaziantep", "country": "Turkey"},
  {"code": "FAO", "name": "Faro Airport", "city": "Faro", "country": "Portugal"},
  {"code": "LIS", "name": "Lisbon Portela Airport", "city": "Lisbon", "country": "Portugal"},
  {"code": "OPO", "name": "Porto Airport", "city": "Porto", "country": "Portugal"},
  {"code": "FNC", "name": "Madeira Airport", "city": "Funchal", "country": "Portugal"},
  {"code": "PDL", "name": "Ponta Delgada Airport", "city": "Azores", "country": "Portugal"},
  {"code": "NCE", "name": "Nice Cote d'Azur Airport", "city": "Nice", "country": "France"},
  {"code": "CDG", "name": "Charles de Gaulle Airport", "city": "Paris", "country": "France"},
  {"code": "ORY", "name": "Orly Airport", "city": "Paris", "country": "France"},
  {"code": "LYS", "name": "Lyon Saint-Exupery Airport", "city": "Lyon", "country": "France"},
  {"code": "MRS", "name": "Marseille Provence Airport", "city": "Marseille", "country": "France"},
  {"code": "TLS", "name": "Toulouse Blagnac Airport", "city": "Toulouse", "country": "France"},
  {"code": "BOD", "name": "Bordeaux Airport", "city": "Bordeaux", "country": "France"},
  {"code": "NTE", "name": "Nantes Atlantique Airport", "city": "Nantes", "country": "France"},
  {"code": "BVA", "name": "Beauvais Airport", "city": "Paris", "country": "France"},
  {"code": "EGC", "name": "Bergerac Airport", "city": "Bergerac", "country": "France"},
  {"code": "BIQ", "name": "Biarritz Airport", "city": "Biarritz", "country": "France"},
  {"code": "CFE", "name": "Clermont-Ferrand Airport", "city": "Clermont-Ferrand", "country": "France"},
  {"code": "MXP", "name": "Malpensa Airport", "city": "Milan", "country": "Italy"},
  {"code": "LIN", "name": "Linate Airport", "city": "Milan", "country": "Italy"},
  {"code": "BGY", "name": "Bergamo Airport", "city": "Bergamo", "country": "Italy"},
  {"code": "FCO", "name": "Fiumicino Airport", "city": "Rome", "country": "Italy"},
  {"code": "CIA", "name": "Ciampino Airport", "city": "Rome", "country": "Italy"},
  {"code": "VCE", "name": "Marco Polo Airport", "city": "Venice", "country": "Italy"},
  {"code": "TSF", "name": "Treviso Airport", "city": "Treviso", "country": "Italy"},
  {"code": "NAP", "name": "Naples Airport", "city": "Naples", "country": "Italy"},
  {"code": "CTA", "name": "Catania Airport", "city": "Catania", "country": "Italy"},
  {"code": "PMO", "name": "Palermo Airport", "city": "Palermo", "country": "Italy"},
  {"code": "BLQ", "name": "Bologna Airport", "city": "Bologna", "country": "Italy"},
  {"code": "FLR", "name": "Florence Airport", "city": "Florence", "country": "Italy"},
  {"code": "PSA", "name": "Pisa Airport", "city": "Pisa", "country": "Italy"},
  {"code": "TRN", "name": "Turin Airport", "city": "Turin", "country": "Italy"},
  {"code": "VRN", "name": "Verona Airport", "city": "Verona", "country": "Italy"},
  {"code": "BRI", "name": "Bari Airport", "city": "Bari", "country": "Italy"},
  {"code": "OLB", "name": "Olbia Airport", "city": "Olbia", "country": "Italy"},
  {"code": "CAG", "name": "Cagliari Airport", "city": "Cagliari", "country": "Italy"},
  {"code": "DXB", "name": "Dubai International Airport", "city": "Dubai", "country": "United Arab Emirates"},
  {"code": "AUH", "name": "Abu Dhabi International Airport", "city": "Abu Dhabi", "country": "United Arab Emirates"},
  {"code": "SHJ", "name": "Sharjah International Airport", "city": "Sharjah", "country": "United Arab Emirates"},
  {"code": "AMS", "name": "Amsterdam Schiphol Airport", "city": "Amsterdam", "country": "Netherlands"},
  {"code": "EIN", "name": "Eindhoven Airport", "city": "Eindhoven", "country": "Netherlands"},
  {"code": "RTM", "name": "Rotterdam Airport", "city": "Rotterdam", "country": "Netherlands"},
  {"code": "BRU", "name": "Brussels Airport", "city": "Brussels", "country": "Belgium"},
  {"code": "CRL", "name": "Brussels South Charleroi Airport", "city": "Charleroi", "country": "Belgium"},
  {"code": "ANR", "name": "Antwerp Airport", "city": "Antwerp", "country": "Belgium"},
  {"code": "FRA", "name": "Frankfurt Airport", "city": "Frankfurt", "country": "Germany"},
  {"code": "MUC", "name": "Munich Airport", "city": "Munich", "country": "Germany"},
  {"code": "TXL", "name": "Tegel Airport", "city": "Berlin", "country": "Germany"},
  {"code": "BER", "name": "Brandenburg Airport", "city": "Berlin", "country": "Germany"},
  {"code": "DUS", "name": "Dusseldorf Airport", "city": "Dusseldorf", "country": "Germany"},
  {"code": "HAM", "name": "Hamburg Airport", "city": "Hamburg", "country": "Germany"},
  {"code": "CGN", "name": "Cologne Bonn Airport", "city": "Cologne", "country": "Germany"},
  {"code": "STR", "name": "Stuttgart Airport", "city": "Stuttgart", "country": "Germany"},
  {"code": "NUE", "name": "Nuremberg Airport", "city": "Nuremberg", "country": "Germany"},
  {"code": "HAJ", "name": "Hannover Airport", "city": "Hannover", "country": "Germany"},
  {"code": "VIE", "name": "Vienna International Airport", "city": "Vienna", "country": "Austria"},
  {"code": "SZG", "name": "Salzburg Airport", "city": "Salzburg", "country": "Austria"},
  {"code": "INN", "name": "Innsbruck Airport", "city": "Innsbruck", "country": "Austria"},
  {"code": "ZRH", "name": "Zurich Airport", "city": "Zurich", "country": "Switzerland"},
  {"code": "GVA", "name": "Geneva Airport", "city": "Geneva", "country": "Switzerland"},
  {"code": "BSL", "name": "Basel EuroAirport", "city": "Basel", "country": "Switzerland"},
  {"code": "BRN", "name": "Bern Airport", "city": "Bern", "country": "Switzerland"},
  {"code": "ARN", "name": "Stockholm Arlanda Airport", "city": "Stockholm", "country": "Sweden"},
  {"code": "GOT", "name": "Gothenburg Landvetter Airport", "city": "Gothenburg", "country": "Sweden"},
  {"code": "MMX", "name": "Malmo Airport", "city": "Malmo", "country": "Sweden"},
  {"code": "CPH", "name": "Copenhagen Airport", "city": "Copenhagen", "country": "Denmark"},
  {"code": "AAL", "name": "Aalborg Airport", "city": "Aalborg", "country": "Denmark"},
  {"code": "BLL", "name": "Billund Airport", "city": "Billund", "country": "Denmark"},
  {"code": "OSL", "name": "Oslo Airport", "city": "Oslo", "country": "Norway"},
  {"code": "BGO", "name": "Bergen Airport", "city": "Bergen", "country": "Norway"},
  {"code": "TRD", "name": "Trondheim Airport", "city": "Trondheim", "country": "Norway"},
  {"code": "SVG", "name": "Stavanger Airport", "city": "Stavanger", "country": "Norway"},
  {"code": "HEL", "name": "Helsinki Airport", "city": "Helsinki", "country": "Finland"},
  {"code": "OUL", "name": "Oulu Airport", "city": "Oulu", "country": "Finland"},
  {"code": "TMP", "name": "Tampere Airport", "city": "Tampere", "country": "Finland"},
  {"code": "KEF", "name": "Keflavik International Airport", "city": "Reykjavik", "country": "Iceland"},
  {"code": "REK", "name": "Reykjavik Airport", "city": "Reykjavik", "country": "Iceland"},
  {"code": "DUB", "name": "Dublin Airport", "city": "Dublin", "country": "Ireland"},
  {"code": "SNN", "name": "Shannon Airport", "city": "Shannon", "country": "Ireland"},
  {"code": "ORK", "name": "Cork Airport", "city": "Cork", "country": "Ireland"},
  {"code": "KRK", "name": "Krakow Airport", "city": "Krakow", "country": "Poland"},
  {"code": "WAW", "name": "Warsaw Chopin Airport", "city": "Warsaw", "country": "Poland"},
  {"code": "GDN", "name": "Gdansk Airport", "city": "Gdansk", "country": "Poland"},
  {"code": "WRO", "name": "Wroclaw Airport", "city": "Wroclaw", "country": "Poland"},
  {"code": "KTW", "name": "Katowice Airport", "city": "Katowice", "country": "Poland"},
  {"code": "POZ", "name": "Poznan Airport", "city": "Poznan", "country": "Poland"},
  {"code": "PRG", "name": "Prague Vaclav Havel Airport", "city": "Prague", "country": "Czech Republic"},
  {"code": "BRQ", "name": "Brno Airport", "city": "Brno", "country": "Czech Republic"},
  {"code": "BUD", "name": "Budapest Ferenc Liszt Airport", "city": "Budapest", "country": "Hungary"},
  {"code": "DEB", "name": "Debrecen Airport", "city": "Debrecen", "country": "Hungary"},
  {"code": "BEG", "name": "Belgrade Airport", "city": "Belgrade", "country": "Serbia"},
  {"code": "ZAG", "name": "Zagreb Airport", "city": "Zagreb", "country": "Croatia"},
  {"code": "SPU", "name": "Split Airport", "city": "Split", "country": "Croatia"},
  {"code": "DBV", "name": "Dubrovnik Airport", "city": "Dubrovnik", "country": "Croatia"},
  {"code": "PUY", "name": "Pula Airport", "city": "Pula", "country": "Croatia"},
  {"code": "ZAD", "name": "Zadar Airport", "city": "Zadar", "country": "Croatia"},
  {"code": "LJU", "name": "Ljubljana Airport", "city": "Ljubljana", "country": "Slovenia"},
  {"code": "SOF", "name": "Sofia Airport", "city": "Sofia", "country": "Bulgaria"},
  {"code": "VAR", "name": "Varna Airport", "city": "Varna", "country": "Bulgaria"},
  {"code": "BOJ", "name": "Burgas Airport", "city": "Burgas", "country": "Bulgaria"},
  {"code": "OTP", "name": "Otopeni Airport", "city": "Bucharest", "country": "Romania"},
  {"code": "CLJ", "name": "Cluj-Napoca Airport", "city": "Cluj-Napoca", "country": "Romania"},
  {"code": "TIA", "name": "Tirana Airport", "city": "Tirana", "country": "Albania"},
  {"code": "SKP", "name": "Skopje Airport", "city": "Skopje", "country": "North Macedonia"},
  {"code": "TGD", "name": "Podgorica Airport", "city": "Podgorica", "country": "Montenegro"},
  {"code": "TIV", "name": "Tivat Airport", "city": "Tivat", "country": "Montenegro"},
  {"code": "SJJ", "name": "Sarajevo Airport", "city": "Sarajevo", "country": "Bosnia and Herzegovina"},
  {"code": "RIX", "name": "Riga Airport", "city": "Riga", "country": "Latvia"},
  {"code": "TLL", "name": "Tallinn Airport", "city": "Tallinn", "country": "Estonia"},
  {"code": "VNO", "name": "Vilnius Airport", "city": "Vilnius", "country": "Lithuania"},
  {"code": "SVO", "name": "Sheremetyevo Airport", "city": "Moscow", "country": "Russia"},
  {"code": "DME", "name": "Domodedovo Airport", "city": "Moscow", "country": "Russia"},
  {"code": "LED", "name": "Pulkovo Airport", "city": "St. Petersburg", "country": "Russia"},
  {"code": "JFK", "name": "John F. Kennedy International Airport", "city": "New York", "country": "United States"},
  {"code": "LAX", "name": "Los Angeles International Airport", "city": "Los Angeles", "country": "United States"},
  {"code": "ORD", "name": "O'Hare International Airport", "city": "Chicago", "country": "United States"},
  {"code": "MIA", "name": "Miami International Airport", "city": "Miami", "country": "United States"},
  {"code": "SFO", "name": "San Francisco International Airport", "city": "San Francisco", "country": "United States"},
  {"code": "ATL", "name": "Hartsfield-Jackson Atlanta Airport", "city": "Atlanta", "country": "United States"},
  {"code": "DFW", "name": "Dallas/Fort Worth International Airport", "city": "Dallas", "country": "United States"},
  {"code": "LAS", "name": "McCarran International Airport", "city": "Las Vegas", "country": "United States"},
  {"code": "SEA", "name": "Seattle-Tacoma International Airport", "city": "Seattle", "country": "United States"},
  {"code": "MCO", "name": "Orlando International Airport", "city": "Orlando", "country": "United States"},
  {"code": "BOS", "name": "Logan International Airport", "city": "Boston", "country": "United States"},
  {"code": "IAH", "name": "George Bush Intercontinental Airport", "city": "Houston", "country": "United States"},
  {"code": "DEN", "name": "Denver International Airport", "city": "Denver", "country": "United States"},
  {"code": "PHX", "name": "Phoenix Sky Harbor Airport", "city": "Phoenix", "country": "United States"},
  {"code": "EWR", "name": "Newark Liberty International Airport", "city": "Newark", "country": "United States"},
  {"code": "MSP", "name": "Minneapolis-St Paul Airport", "city": "Minneapolis", "country": "United States"},
  {"code": "DTW", "name": "Detroit Metropolitan Airport", "city": "Detroit", "country": "United States"},
  {"code": "PHL", "name": "Philadelphia International Airport", "city": "Philadelphia", "country": "United States"},
  {"code": "YYZ", "name": "Toronto Pearson Airport", "city": "Toronto", "country": "Canada"},
  {"code": "YVR", "name": "Vancouver International Airport", "city": "Vancouver", "country": "Canada"},
  {"code": "YUL", "name": "Montreal Pierre Elliott Trudeau Airport", "city": "Montreal", "country": "Canada"},
  {"code": "YYC", "name": "Calgary International Airport", "city": "Calgary", "country": "Canada"},
  {"code": "YEG", "name": "Edmonton International Airport", "city": "Edmonton", "country": "Canada"},
  {"code": "YOW", "name": "Ottawa Macdonald-Cartier Airport", "city": "Ottawa", "country": "Canada"},
  {"code": "MEX", "name": "Mexico City International Airport", "city": "Mexico City", "country": "Mexico"},
  {"code": "CUN", "name": "Cancun International Airport", "city": "Cancun", "country": "Mexico"},
  {"code": "GDL", "name": "Guadalajara Airport", "city": "Guadalajara", "country": "Mexico"},
  {"code": "MTY", "name": "Monterrey Airport", "city": "Monterrey", "country": "Mexico"},
  {"code": "PVR", "name": "Puerto Vallarta Airport", "city": "Puerto Vallarta", "country": "Mexico"},
  {"code": "SJD", "name": "Los Cabos International Airport", "city": "Cabo San Lucas", "country": "Mexico"},
  {"code": "GIG", "name": "Rio de Janeiro International Airport", "city": "Rio de Janeiro", "country": "Brazil"},
  {"code": "GRU", "name": "Sao Paulo Guarulhos Airport", "city": "Sao Paulo", "country": "Brazil"},
  {"code": "BSB", "name": "Brasilia International Airport", "city": "Brasilia", "country": "Brazil"},
  {"code": "EZE", "name": "Ministro Pistarini Airport", "city": "Buenos Aires", "country": "Argentina"},
  {"code": "AEP", "name": "Jorge Newbery Airport", "city": "Buenos Aires", "country": "Argentina"},
  {"code": "SCL", "name": "Santiago International Airport", "city": "Santiago", "country": "Chile"},
  {"code": "LIM", "name": "Jorge Chavez International Airport", "city": "Lima", "country": "Peru"},
  {"code": "BOG", "name": "El Dorado International Airport", "city": "Bogota", "country": "Colombia"},
  {"code": "PTY", "name": "Tocumen International Airport", "city": "Panama City", "country": "Panama"},
  {"code": "SJO", "name": "Juan Santamaria International Airport", "city": "San Jose", "country": "Costa Rica"},
  {"code": "NRT", "name": "Narita International Airport", "city": "Tokyo", "country": "Japan"},
  {"code": "HND", "name": "Tokyo Haneda Airport", "city": "Tokyo", "country": "Japan"},
  {"code": "KIX", "name": "Kansai International Airport", "city": "Osaka", "country": "Japan"},
  {"code": "NGO", "name": "Chubu Centrair International Airport", "city": "Nagoya", "country": "Japan"},
  {"code": "FUK", "name": "Fukuoka Airport", "city": "Fukuoka", "country": "Japan"},
  {"code": "ICN", "name": "Incheon International Airport", "city": "Seoul", "country": "South Korea"},
  {"code": "GMP", "name": "Gimpo International Airport", "city": "Seoul", "country": "South Korea"},
  {"code": "PUS", "name": "Gimhae International Airport", "city": "Busan", "country": "South Korea"},
  {"code": "PEK", "name": "Beijing Capital International Airport", "city": "Beijing", "country": "China"},
  {"code": "PVG", "name": "Shanghai Pudong International Airport", "city": "Shanghai", "country": "China"},
  {"code": "SHA", "name": "Shanghai Hongqiao Airport", "city": "Shanghai", "country": "China"},
  {"code": "CAN", "name": "Guangzhou Baiyun Airport", "city": "Guangzhou", "country": "China"},
  {"code": "CTU", "name": "Chengdu Shuangliu Airport", "city": "Chengdu", "country": "China"},
  {"code": "SZX", "name": "Shenzhen Bao'an Airport", "city": "Shenzhen", "country": "China"},
  {"code": "HKG", "name": "Hong Kong International Airport", "city": "Hong Kong", "country": "Hong Kong"},
  {"code": "MFM", "name": "Macau International Airport", "city": "Macau", "country": "Macau"},
  {"code": "TPE", "name": "Taiwan Taoyuan International Airport", "city": "Taipei", "country": "Taiwan"},
  {"code": "TSA", "name": "Taipei Songshan Airport", "city": "Taipei", "country": "Taiwan"},
  {"code": "SIN", "name": "Singapore Changi Airport", "city": "Singapore", "country": "Singapore"},
  {"code": "KUL", "name": "Kuala Lumpur International Airport", "city": "Kuala Lumpur", "country": "Malaysia"},
  {"code": "PEN", "name": "Penang International Airport", "city": "Penang", "country": "Malaysia"},
  {"code": "JHB", "name": "Johor Bahru Airport", "city": "Johor Bahru", "country": "Malaysia"},
  {"code": "BKK", "name": "Suvarnabhumi Airport", "city": "Bangkok", "country": "Thailand"},
  {"code": "DMK", "name": "Don Mueang International Airport", "city": "Bangkok", "country": "Thailand"},
  {"code": "HKT", "name": "Phuket International Airport", "city": "Phuket", "country": "Thailand"},
  {"code": "CNX", "name": "Chiang Mai International Airport", "city": "Chiang Mai", "country": "Thailand"},
  {"code": "USM", "name": "Koh Samui Airport", "city": "Koh Samui", "country": "Thailand"},
  {"code": "HAN", "name": "Noi Bai International Airport", "city": "Hanoi", "country": "Vietnam"},
  {"code": "SGN", "name": "Tan Son Nhat International Airport", "city": "Ho Chi Minh City", "country": "Vietnam"},
  {"code": "DAD", "name": "Da Nang International Airport", "city": "Da Nang", "country": "Vietnam"},
  {"code": "CGK", "name": "Soekarno-Hatta International Airport", "city": "Jakarta", "country": "Indonesia"},
  {"code": "DPS", "name": "Ngurah Rai International Airport", "city": "Bali", "country": "Indonesia"},
  {"code": "SUB", "name": "Juanda International Airport", "city": "Surabaya", "country": "Indonesia"},
  {"code": "MNL", "name": "Ninoy Aquino International Airport", "city": "Manila", "country": "Philippines"},
  {"code": "CEB", "name": "Mactan-Cebu International Airport", "city": "Cebu", "country": "Philippines"},
  {"code": "RGN", "name": "Yangon International Airport", "city": "Yangon", "country": "Myanmar"},
  {"code": "CMB", "name": "Bandaranaike International Airport", "city": "Colombo", "country": "Sri Lanka"},
  {"code": "DEL", "name": "Indira Gandhi International Airport", "city": "New Delhi", "country": "India"},
  {"code": "BOM", "name": "Chhatrapati Shivaji Airport", "city": "Mumbai", "country": "India"},
  {"code": "BLR", "name": "Kempegowda International Airport", "city": "Bangalore", "country": "India"},
  {"code": "MAA", "name": "Chennai International Airport", "city": "Chennai", "country": "India"},
  {"code": "HYD", "name": "Rajiv Gandhi International Airport", "city": "Hyderabad", "country": "India"},
  {"code": "CCU", "name": "Netaji Subhas Chandra Bose Airport", "city": "Kolkata", "country": "India"},
  {"code": "GOI", "name": "Goa International Airport", "city": "Goa", "country": "India"},
  {"code": "COK", "name": "Cochin International Airport", "city": "Kochi", "country": "India"},
  {"code": "KHI", "name": "Jinnah International Airport", "city": "Karachi", "country": "Pakistan"},
  {"code": "LHE", "name": "Allama Iqbal International Airport", "city": "Lahore", "country": "Pakistan"},
  {"code": "ISB", "name": "Islamabad International Airport", "city": "Islamabad", "country": "Pakistan"},
  {"code": "DAC", "name": "Hazrat Shahjalal International Airport", "city": "Dhaka", "country": "Bangladesh"},
  {"code": "KTM", "name": "Tribhuvan International Airport", "city": "Kathmandu", "country": "Nepal"},
  {"code": "SYD", "name": "Sydney Kingsford Smith Airport", "city": "Sydney", "country": "Australia"},
  {"code": "MEL", "name": "Melbourne Airport", "city": "Melbourne", "country": "Australia"},
  {"code": "BNE", "name": "Brisbane Airport", "city": "Brisbane", "country": "Australia"},
  {"code": "PER", "name": "Perth Airport", "city": "Perth", "country": "Australia"},
  {"code": "ADL", "name": "Adelaide Airport", "city": "Adelaide", "country": "Australia"},
  {"code": "CNS", "name": "Cairns Airport", "city": "Cairns", "country": "Australia"},
  {"code": "OOL", "name": "Gold Coast Airport", "city": "Gold Coast", "country": "Australia"},
  {"code": "AKL", "name": "Auckland Airport", "city": "Auckland", "country": "New Zealand"},
  {"code": "CHC", "name": "Christchurch Airport", "city": "Christchurch", "country": "New Zealand"},
  {"code": "WLG", "name": "Wellington Airport", "city": "Wellington", "country": "New Zealand"},
  {"code": "ZQN", "name": "Queenstown Airport", "city": "Queenstown", "country": "New Zealand"},
  {"code": "NAN", "name": "Nadi International Airport", "city": "Nadi", "country": "Fiji"},
  {"code": "PPT", "name": "Faa'a International Airport", "city": "Papeete", "country": "French Polynesia"},
  {"code": "CAI", "name": "Cairo International Airport", "city": "Cairo", "country": "Egypt"},
  {"code": "SSH", "name": "Sharm el-Sheikh Airport", "city": "Sharm el-Sheikh", "country": "Egypt"},
  {"code": "HRG", "name": "Hurghada Airport", "city": "Hurghada", "country": "Egypt"},
  {"code": "LXR", "name": "Luxor Airport", "city": "Luxor", "country": "Egypt"},
  {"code": "CPT", "name": "Cape Town International Airport", "city": "Cape Town", "country": "South Africa"},
  {"code": "JNB", "name": "O.R. Tambo International Airport", "city": "Johannesburg", "country": "South Africa"},
  {"code": "DUR", "name": "King Shaka International Airport", "city": "Durban", "country": "South Africa"},
  {"code": "NBO", "name": "Jomo Kenyatta International Airport", "city": "Nairobi", "country": "Kenya"},
  {"code": "MBA", "name": "Moi International Airport", "city": "Mombasa", "country": "Kenya"},
  {"code": "DAR", "name": "Julius Nyerere International Airport", "city": "Dar es Salaam", "country": "Tanzania"},
  {"code": "JRO", "name": "Kilimanjaro International Airport", "city": "Kilimanjaro", "country": "Tanzania"},
  {"code": "ZNZ", "name": "Abeid Amani Karume Airport", "city": "Zanzibar", "country": "Tanzania"},
  {"code": "ADD", "name": "Addis Ababa Bole Airport", "city": "Addis Ababa", "country": "Ethiopia"},
  {"code": "LOS", "name": "Murtala Muhammed Airport", "city": "Lagos", "country": "Nigeria"},
  {"code": "ABV", "name": "Nnamdi Azikiwe Airport", "city": "Abuja", "country": "Nigeria"},
  {"code": "ACC", "name": "Kotoka International Airport", "city": "Accra", "country": "Ghana"},
  {"code": "CMN", "name": "Mohammed V International Airport", "city": "Casablanca", "country": "Morocco"},
  {"code": "RAK", "name": "Marrakech Menara Airport", "city": "Marrakech", "country": "Morocco"},
  {"code": "AGA", "name": "Agadir Al Massira Airport", "city": "Agadir", "country": "Morocco"},
  {"code": "TUN", "name": "Tunis Carthage Airport", "city": "Tunis", "country": "Tunisia"},
  {"code": "DJE", "name": "Djerba Zarzis Airport", "city": "Djerba", "country": "Tunisia"},
  {"code": "MRU", "name": "Sir Seewoosagur Ramgoolam Airport", "city": "Mauritius", "country": "Mauritius"},
  {"code": "SEZ", "name": "Seychelles International Airport", "city": "Mahe", "country": "Seychelles"},
  {"code": "TLV", "name": "Ben Gurion Airport", "city": "Tel Aviv", "country": "Israel"},
  {"code": "VDA", "name": "Ovda Airport", "city": "Eilat", "country": "Israel"},
  {"code": "AMM", "name": "Queen Alia International Airport", "city": "Amman", "country": "Jordan"},
  {"code": "AQJ", "name": "King Hussein International Airport", "city": "Aqaba", "country": "Jordan"},
  {"code": "BEY", "name": "Rafic Hariri International Airport", "city": "Beirut", "country": "Lebanon"},
  {"code": "DOH", "name": "Hamad International Airport", "city": "Doha", "country": "Qatar"},
  {"code": "BAH", "name": "Bahrain International Airport", "city": "Manama", "country": "Bahrain"},
  {"code": "KWI", "name": "Kuwait International Airport", "city": "Kuwait City", "country": "Kuwait"},
  {"code": "MCT", "name": "Muscat International Airport", "city": "Muscat", "country": "Oman"},
  {"code": "RUH", "name": "King Khalid International Airport", "city": "Riyadh", "country": "Saudi Arabia"},
  {"code": "JED", "name": "King Abdulaziz International Airport", "city": "Jeddah", "country": "Saudi Arabia"},
  {"code": "DMM", "name": "King Fahd International Airport", "city": "Dammam", "country": "Saudi Arabia"},
  {"code": "EVN", "name": "Zvartnots International Airport", "city": "Yerevan", "country": "Armenia"},
  {"code": "TBS", "name": "Tbilisi International Airport", "city": "Tbilisi", "country": "Georgia"},
  {"code": "GYD", "name": "Heydar Aliyev International Airport", "city": "Baku", "country": "Azerbaijan"},
  {"code": "TAS", "name": "Tashkent International Airport", "city": "Tashkent", "country": "Uzbekistan"},
  {"code": "ALA", "name": "Almaty International Airport", "city": "Almaty", "country": "Kazakhstan"}
]





